DEM数据文件,视点高度,时间消耗比
山区,1,0.145735987
山区,11,0.183141852
山区,21,0.206646151
山区,31,0.181078391
山区,41,0.166030671
山区,51,0.195461923
山区,61,0.20942562
山区,71,0.194452184
山区,81,0.178017483
山区,91,0.17540217
山区,101,0.190319375
山区,111,0.214284155
山区,121,0.188193033
山区,131,0.251664721
山区,141,0.177689846
山区,151,0.196190921
山区,161,0.197710499
山区,171,0.21630042
山区,181,0.187060796
山区,191,0.203225255
山区,201,0.215257163
山区,211,0.174011498
山区,221,0.193332837
山区,231,0.203593406
山区,241,0.219895169
山区,251,0.182091123
山区,261,0.242732906
山区,271,0.19775681
山区,281,0.236868162
山区,291,0.242906683
山区,301,0.227362927
山区,311,0.200153038
山区,321,0.184347052
山区,331,0.236058214
山区,341,0.200325147
山区,351,0.248439707
山区,361,0.227400427
山区,371,0.205504661
山区,381,0.22293187
山区,391,0.234676106
山区,401,0.248266418
山区,411,0.224782915
山区,421,0.232465153
山区,431,0.258728966
山区,441,0.195313153
山区,451,0.270541699
山区,461,0.250079006
山区,471,0.236464683
山区,481,0.25833366
山区,491,0.239025565
山区,501,0.272039506
山区,511,0.24286689
山区,521,0.267940068
山区,531,0.205431998
山区,541,0.285181001
山区,551,0.252404974
山区,561,0.227467487
山区,571,0.255054864
山区,581,0.272348694
山区,591,0.245488334
山区,601,0.276759014
山区,611,0.254748379
山区,621,0.25704743
山区,631,0.260151284
山区,641,0.276998435
山区,651,0.254510634
山区,661,0.241783499
山区,671,0.246608152
山区,681,0.238869391
山区,691,0.254390882
山区,701,0.244172519
山区,711,0.236983876
山区,721,0.243953226
山区,731,0.222100454
山区,741,0.302725063
山区,751,0.244157857
山区,761,0.278036598
山区,771,0.316496108
山区,781,0.283431114
山区,791,0.260396124
山区,801,0.234846345
山区,811,0.253226611
山区,821,0.267607519
山区,831,0.239812907
山区,841,0.26243902
山区,851,0.267259504
山区,861,0.291799244
山区,871,0.241712694
山区,881,0.254346195
山区,891,0.269164553
山区,901,0.23874747
山区,911,0.286235905
山区,921,0.290549648
山区,931,0.263874117
山区,941,0.2690621
山区,951,0.289037398
山区,961,0.316417215
山区,971,0.242129431
山区,981,0.266952742
山区,991,0.308894675
山区,1001,0.26120305
山区,1011,0.283642986
山区,1021,0.25974062
山区,1031,0.245353434
山区,1041,0.232272702
山区,1051,0.297249086
山区,1061,0.290126507
山区,1071,0.276872238
山区,1081,0.251382079
山区,1091,0.259681159
山区,1101,0.262788345
山区,1111,0.307869416
山区,1121,0.288642491
山区,1131,0.310903133
山区,1141,0.328203058
山区,1151,0.287998194
山区,1161,0.263554698
山区,1171,0.273590564
山区,1181,0.278027663
山区,1191,0.275868123
山区,1201,0.246306763
山区,1211,0.266389574
山区,1221,0.296666678
山区,1231,0.301310546
山区,1241,0.266064755
山区,1251,0.286169916
山区,1261,0.265812395
山区,1271,0.274858294
山区,1281,0.259896372
山区,1291,0.290834983
山区,1301,0.320251126
山区,1311,0.300962128
山区,1321,0.303350763
山区,1331,0.291774946
山区,1341,0.314068337
山区,1351,0.316047478
山区,1361,0.271965697
山区,1371,0.298150653
山区,1381,0.26308626
山区,1391,0.284104356
山区,1401,0.312697647
山区,1411,0.314422744
山区,1421,0.306723184
山区,1431,0.273200126
山区,1441,0.251017434
山区,1451,0.337361752
山区,1461,0.277373165
山区,1471,0.279559043
山区,1481,0.302127496
山区,1491,0.343578937
山区,1501,0.295415093
山区,1511,0.333288332
山区,1521,0.259059329
山区,1531,0.264966236
山区,1541,0.283997053
山区,1551,0.319836735
山区,1561,0.336790191
山区,1571,0.337068092
山区,1581,0.27400786
山区,1591,0.349795116
山区,1601,0.303714619
山区,1611,0.251435522
山区,1621,0.367734743
山区,1631,0.32297414
山区,1641,0.288855383
山区,1651,0.311478316
山区,1661,0.327784602
山区,1671,0.341273234
山区,1681,0.31720895
山区,1691,0.374318874
山区,1701,0.286166805
山区,1711,0.324031839
山区,1721,0.381850383
山区,1731,0.322426303
山区,1741,0.345998575
山区,1751,0.318394042
山区,1761,0.334840357
山区,1771,0.34194694
山区,1781,0.300105039
山区,1791,0.288651457
山区,1801,0.313145009
山区,1811,0.381351909
山区,1821,0.319620357
山区,1831,0.291382783
山区,1841,0.303900604
山区,1851,0.359701418
山区,1861,0.363510279
山区,1871,0.315502146
山区,1881,0.379288878
山区,1891,0.321255419
山区,1901,0.279362324
山区,1911,0.341167715
山区,1921,0.332436068
山区,1931,0.327041277
山区,1941,0.308585465
山区,1951,0.348054157
山区,1961,0.336032997
山区,1971,0.271785717
山区,1981,0.284870676
山区,1991,0.335817249
山区,2001,0.343531326
山区,2011,0.275120131
山区,2021,0.327172775
山区,2031,0.33336674
山区,2041,0.314616681
山区,2051,0.370706677
山区,2061,0.336632911
山区,2071,0.266777381
山区,2081,0.301527919
山区,2091,0.283787552
山区,2101,0.334323599
山区,2111,0.313911012
山区,2121,0.302444186
山区,2131,0.323010638
山区,2141,0.260279001
山区,2151,0.291576492
山区,2161,0.335263492
山区,2171,0.325065197
山区,2181,0.339394489
山区,2191,0.343530513
山区,2201,0.298476999
山区,2211,0.307231744
山区,2221,0.309264879
山区,2231,0.35191073
山区,2241,0.352475837
山区,2251,0.315628458
山区,2261,0.302678957
山区,2271,0.326932951
山区,2281,0.321765415
山区,2291,0.326625344
山区,2301,0.366840776
山区,2311,0.389651278
山区,2321,0.355989473
山区,2331,0.403778757
山区,2341,0.350122037
山区,2351,0.309887429
山区,2361,0.344467304
山区,2371,0.29998886
山区,2381,0.328058459
山区,2391,0.334525026
山区,2401,0.391512118
山区,2411,0.336415806
山区,2421,0.370841453
山区,2431,0.330152111
山区,2441,0.401289946
山区,2451,0.286081866
山区,2461,0.352984676
山区,2471,0.28355605
山区,2481,0.358416579
山区,2491,0.296182962
山区,2501,0.333293997
山区,2511,0.364897078
山区,2521,0.341681143
山区,2531,0.3790507
山区,2541,0.36659305
山区,2551,0.371389717
山区,2561,0.320851478
山区,2571,0.305029954
山区,2581,0.368578153
山区,2591,0.380871501
山区,2601,0.331049791
山区,2611,0.345629505
山区,2621,0.339945907
山区,2631,0.299081101
山区,2641,0.304112596
山区,2651,0.31905763
山区,2661,0.307174401
山区,2671,0.300913141
山区,2681,0.327065135
山区,2691,0.378505721
山区,2701,0.324863604
山区,2711,0.417926277
山区,2721,0.317495374
山区,2731,0.369410781
山区,2741,0.353974115
山区,2751,0.318287059
山区,2761,0.361310741
山区,2771,0.369171087
山区,2781,0.266817853
山区,2791,0.3207107
山区,2801,0.335658185
山区,2811,0.398669308
山区,2821,0.337116803
山区,2831,0.282291598
山区,2841,0.304443928
山区,2851,0.342763474
山区,2861,0.374342177
山区,2871,0.396660282
山区,2881,0.33452839
山区,2891,0.277242026
山区,2901,0.315741953
山区,2911,0.411251008
山区,2921,0.36467463
山区,2931,0.360216962
山区,2941,0.306012585
山区,2951,0.38845655
山区,2961,0.416633158
山区,2971,0.364862091
山区,2981,0.354049532
山区,2991,0.323050751
山区,3001,0.417189994
山区,3011,0.336992865
山区,3021,0.372852221
山区,3031,0.37488052
山区,3041,0.32475258
山区,3051,0.346244243
山区,3061,0.396783828
山区,3071,0.360879434
山区,3081,0.329944111
山区,3091,0.329314757
山区,3101,0.451000006
山区,3111,0.342715478
山区,3121,0.349510265
山区,3131,0.402893023
山区,3141,0.365771802
山区,3151,0.310942398
山区,3161,0.341028822
山区,3171,0.367385493
山区,3181,0.287767536
山区,3191,0.348154889
山区,3201,0.419989809
山区,3211,0.351906586
山区,3221,0.313048295
山区,3231,0.344110186
山区,3241,0.408803582
山区,3251,0.381464346
山区,3261,0.388616014
山区,3271,0.329412243
山区,3281,0.36991311
山区,3291,0.344649241
山区,3301,0.381480202
山区,3311,0.302480135
山区,3321,0.370539518
山区,3331,0.378646277
山区,3341,0.363085875
山区,3351,0.378506196
山区,3361,0.33332306
山区,3371,0.377138779
山区,3381,0.338297647
山区,3391,0.335403356
山区,3401,0.402057173
山区,3411,0.414878226
山区,3421,0.413159434
山区,3431,0.348576011
山区,3441,0.339252024
山区,3451,0.360842053
山区,3461,0.336310045
山区,3471,0.346831717
山区,3481,0.390655751
山区,3491,0.352153361
山区,3501,0.371489666
山区,3511,0.357122761
山区,3521,0.350740788
山区,3531,0.40144559
山区,3541,0.353642081
山区,3551,0.390961799
山区,3561,0.358604447
山区,3571,0.372895694
山区,3581,0.412273464
山区,3591,0.330673135
山区,3601,0.41972039
山区,3611,0.330256121
山区,3621,0.398283538
山区,3631,0.360414374
山区,3641,0.367577742
山区,3651,0.325278891
山区,3661,0.360347475
山区,3671,0.401158027
山区,3681,0.378028127
山区,3691,0.310917329
山区,3701,0.374656146
山区,3711,0.401562649
山区,3721,0.405993781
山区,3731,0.358132053
山区,3741,0.43177521
山区,3751,0.377364761
山区,3761,0.400602148
山区,3771,0.392794361
山区,3781,0.337667624
山区,3791,0.418794682
山区,3801,0.340928507
山区,3811,0.329606903
山区,3821,0.394985465
山区,3831,0.374965111
山区,3841,0.329943219
山区,3851,0.321810761
山区,3861,0.335039933
山区,3871,0.350591858
山区,3881,0.40646023
山区,3891,0.345961616
山区,3901,0.3190237
山区,3911,0.340634375
山区,3921,0.387441308
山区,3931,0.356190543
山区,3941,0.376256104
山区,3951,0.375928381
山区,3961,0.415666208
山区,3971,0.415093611
山区,3981,0.411784724
山区,3991,0.378195144
山区,4001,0.352137894
山区,4011,0.408484134
山区,4021,0.384416489
山区,4031,0.391943245
山区,4041,0.375959001
山区,4051,0.384718651
山区,4061,0.350363848
山区,4071,0.322243286
山区,4081,0.376613677
山区,4091,0.401414623
山区,4101,0.45849866
山区,4111,0.376712122
山区,4121,0.397820174
山区,4131,0.337201433
山区,4141,0.372898109
山区,4151,0.317294972
山区,4161,0.393301516
山区,4171,0.373206182
山区,4181,0.39176861
山区,4191,0.402871249
山区,4201,0.380943917
山区,4211,0.454112337
山区,4221,0.416291707
山区,4231,0.364088984
山区,4241,0.402310252
山区,4251,0.392058714
山区,4261,0.393546166
山区,4271,0.333484856
山区,4281,0.430329225
山区,4291,0.398910198
山区,4301,0.399525672
山区,4311,0.368950967
山区,4321,0.378798159
山区,4331,0.396557416
山区,4341,0.400949124
山区,4351,0.355451976
山区,4361,0.359019644
山区,4371,0.468637128
山区,4381,0.368499871
山区,4391,0.356071665
山区,4401,0.394314901
山区,4411,0.46087178
山区,4421,0.39775928
山区,4431,0.334589897
山区,4441,0.403640124
山区,4451,0.34386056
山区,4461,0.318662591
山区,4471,0.45282494
山区,4481,0.387732423
山区,4491,0.354937402
山区,4501,0.37518298
山区,4511,0.412679844
山区,4521,0.346013941
山区,4531,0.386513173
山区,4541,0.391148968
山区,4551,0.419178126
山区,4561,0.396900847
山区,4571,0.375715386
山区,4581,0.40153359
山区,4591,0.414397707
山区,4601,0.400518392
山区,4611,0.374248602
山区,4621,0.416760471
山区,4631,0.391149572
山区,4641,0.407754611
山区,4651,0.378739908
山区,4661,0.36232315
山区,4671,0.376603936
山区,4681,0.365378968
山区,4691,0.402749801
山区,4701,0.307682094
山区,4711,0.340984584
山区,4721,0.384301246
山区,4731,0.320550743
山区,4741,0.373081841
山区,4751,0.312806298
山区,4761,0.382732771
山区,4771,0.365280877
山区,4781,0.392659943
山区,4791,0.38074073
山区,4801,0.435417798
山区,4811,0.402875203
山区,4821,0.392446253
山区,4831,0.382152932
山区,4841,0.360317001
山区,4851,0.37821196
山区,4861,0.421364932
山区,4871,0.446187032
山区,4881,0.388540539
山区,4891,0.413192127
山区,4901,0.336087368
山区,4911,0.346247369
山区,4921,0.417650367
山区,4931,0.350685881
山区,4941,0.40815158
山区,4951,0.393645516
山区,4961,0.40267456
山区,4971,0.506209684
山区,4981,0.367260352
山区,4991,0.350089097
平原,1,0.162881468
平原,11,0.265956373
平原,21,0.248231763
平原,31,0.321115591
平原,41,0.321047448
平原,51,0.32714472
平原,61,0.355320247
平原,71,0.337344329
平原,81,0.335160403
平原,91,0.405159392
平原,101,0.414988974
平原,111,0.338443089
平原,121,0.351064784
平原,131,0.348366908
平原,141,0.440478659
平原,151,0.383844705
平原,161,0.437417225
平原,171,0.362897305
平原,181,0.411422531
平原,191,0.364042932
平原,201,0.393435001
平原,211,0.334062981
平原,221,0.409848628
平原,231,0.353828591
平原,241,0.334146144
平原,251,0.352619197
平原,261,0.345268352
平原,271,0.369705319
平原,281,0.355293037
平原,291,0.344289024
平原,301,0.39953947
平原,311,0.453038401
平原,321,0.38699208
平原,331,0.390058336
平原,341,0.341102024
平原,351,0.374435914
平原,361,0.36578991
平原,371,0.382315299
平原,381,0.346412442
平原,391,0.281197791
平原,401,0.386807239
平原,411,0.348122437
平原,421,0.395771597
平原,431,0.408415618
平原,441,0.368410642
平原,451,0.400325727
平原,461,0.366010187
平原,471,0.375904118
平原,481,0.328125752
平原,491,0.373065224
平原,501,0.383777795
平原,511,0.348602531
平原,521,0.385999548
平原,531,0.339201322
平原,541,0.363248886
平原,551,0.427848278
平原,561,0.447012004
平原,571,0.366037893
平原,581,0.392378986
平原,591,0.373494965
平原,601,0.365956846
平原,611,0.401889707
平原,621,0.379369124
平原,631,0.356202979
平原,641,0.341430109
平原,651,0.400307724
平原,661,0.385714931
平原,671,0.353356685
平原,681,0.321483416
平原,691,0.341689723
平原,701,0.36735366
平原,711,0.344288048
平原,721,0.373635969
平原,731,0.377582083
平原,741,0.386662154
平原,751,0.387261861
平原,761,0.405217469
平原,771,0.339650117
平原,781,0.393053722
平原,791,0.359065404
平原,801,0.371305722
平原,811,0.38312767
平原,821,0.408770866
平原,831,0.401233371
平原,841,0.404689494
平原,851,0.368803814
平原,861,0.333700991
平原,871,0.375251998
平原,881,0.403125452
平原,891,0.383613568
平原,901,0.326486416
平原,911,0.393474541
平原,921,0.317915919
平原,931,0.343913592
平原,941,0.346340704
平原,951,0.388098993
平原,961,0.388069006
平原,971,0.340574315
平原,981,0.379120954
平原,991,0.35809878
平原,1001,0.390738741
平原,1011,0.394875463
平原,1021,0.389249926
平原,1031,0.340412279
平原,1041,0.293707552
平原,1051,0.342617623
平原,1061,0.405231673
平原,1071,0.411908756
平原,1081,0.357912899
平原,1091,0.372961224
平原,1101,0.335828765
平原,1111,0.32522758
平原,1121,0.39431612
平原,1131,0.405541679
平原,1141,0.343310906
平原,1151,0.426287432
平原,1161,0.295284244
平原,1171,0.363908787
平原,1181,0.413539858
平原,1191,0.340246053
平原,1201,0.409236739
平原,1211,0.335081064
平原,1221,0.325319297
平原,1231,0.335021361
平原,1241,0.330621151
平原,1251,0.31082044
平原,1261,0.360628957
平原,1271,0.406092373
平原,1281,0.337895863
平原,1291,0.332810371
平原,1301,0.329685404
平原,1311,0.438064132
平原,1321,0.35567645
平原,1331,0.305176273
平原,1341,0.321850408
平原,1351,0.420848807
平原,1361,0.319632507
平原,1371,0.374322553
平原,1381,0.360428122
平原,1391,0.334780026
平原,1401,0.365469186
平原,1411,0.350979896
平原,1421,0.396639855
平原,1431,0.426949157
平原,1441,0.340121814
平原,1451,0.378867394
平原,1461,0.363060029
平原,1471,0.3467716
平原,1481,0.357858038
平原,1491,0.361006444
平原,1501,0.329834697
平原,1511,0.337893947
平原,1521,0.415953912
平原,1531,0.404055668
平原,1541,0.353543343
平原,1551,0.38778518
平原,1561,0.40978215
平原,1571,0.448319943
平原,1581,0.390754287
平原,1591,0.336924827
平原,1601,0.323416883
平原,1611,0.352881614
平原,1621,0.308550768
平原,1631,0.359938719
平原,1641,0.373015858
平原,1651,0.368589047
平原,1661,0.337245032
平原,1671,0.364820516
平原,1681,0.396919721
平原,1691,0.333173235
平原,1701,0.383991371
平原,1711,0.356828668
平原,1721,0.333921778
平原,1731,0.354780955
平原,1741,0.361274871
平原,1751,0.323815926
平原,1761,0.402025786
平原,1771,0.350149626
平原,1781,0.402826207
平原,1791,0.377068484
平原,1801,0.308749678
平原,1811,0.374485056
平原,1821,0.360839616
平原,1831,0.389672149
平原,1841,0.354506403
平原,1851,0.377355648
平原,1861,0.388177688
平原,1871,0.375090941
平原,1881,0.352637788
平原,1891,0.358567844
平原,1901,0.408416442
平原,1911,0.369950575
平原,1921,0.33509865
平原,1931,0.383104214
平原,1941,0.37671232
平原,1951,0.401122223
平原,1961,0.355715185
平原,1971,0.352404942
平原,1981,0.370255137
平原,1991,0.385360218
平原,2001,0.37704663
平原,2011,0.321131317
平原,2021,0.417721751
平原,2031,0.356185761
平原,2041,0.344634336
平原,2051,0.405437552
平原,2061,0.403425123
平原,2071,0.399991608
平原,2081,0.386324539
平原,2091,0.403395142
平原,2101,0.347257736
平原,2111,0.374536033
平原,2121,0.381106673
平原,2131,0.36397512
平原,2141,0.293346232
平原,2151,0.396064275
平原,2161,0.402760947
平原,2171,0.368413212
平原,2181,0.349700841
平原,2191,0.342020931
平原,2201,0.383071946
平原,2211,0.409376952
平原,2221,0.434471198
平原,2231,0.328223651
平原,2241,0.408659013
平原,2251,0.367157263
平原,2261,0.318111866
平原,2271,0.382673187
平原,2281,0.367374263
平原,2291,0.364730464
平原,2301,0.347629401
平原,2311,0.356886958
平原,2321,0.320087862
平原,2331,0.318727819
平原,2341,0.38442337
平原,2351,0.352929393
平原,2361,0.356100766
平原,2371,0.366583233
平原,2381,0.352019182
平原,2391,0.411379273
平原,2401,0.405096514
平原,2411,0.372088082
平原,2421,0.379182973
平原,2431,0.39752396
平原,2441,0.352928058
平原,2451,0.340702048
平原,2461,0.380786912
平原,2471,0.305085015
平原,2481,0.406191753
平原,2491,0.431779238
平原,2501,0.373406342
平原,2511,0.330549245
平原,2521,0.402849026
平原,2531,0.393959502
平原,2541,0.357026025
平原,2551,0.37446443
平原,2561,0.295007347
平原,2571,0.359329927
平原,2581,0.372295225
平原,2591,0.358696015
平原,2601,0.372450231
平原,2611,0.386255703
平原,2621,0.337514746
平原,2631,0.357452128
平原,2641,0.408143862
平原,2651,0.415409564
平原,2661,0.329468949
平原,2671,0.374772351
平原,2681,0.46453562
平原,2691,0.406398436
平原,2701,0.418682213
平原,2711,0.386985863
平原,2721,0.410451215
平原,2731,0.40575753
平原,2741,0.33446584
平原,2751,0.36390689
平原,2761,0.372027906
平原,2771,0.350311084
平原,2781,0.379992162
平原,2791,0.417297241
平原,2801,0.402178141
平原,2811,0.394511897
平原,2821,0.358046796
平原,2831,0.384262903
平原,2841,0.301074239
平原,2851,0.315497227
平原,2861,0.403248838
平原,2871,0.375700319
平原,2881,0.372409367
平原,2891,0.346798385
平原,2901,0.368131564
平原,2911,0.361561121
平原,2921,0.363734787
平原,2931,0.44155362
平原,2941,0.389886153
平原,2951,0.453325321
平原,2961,0.389341868
平原,2971,0.370493764
平原,2981,0.363051577
平原,2991,0.353099451
平原,3001,0.378344905
平原,3011,0.358260392
平原,3021,0.372311029
平原,3031,0.457815818
平原,3041,0.338932175
平原,3051,0.388212723
平原,3061,0.410144114
平原,3071,0.339862173
平原,3081,0.325586937
平原,3091,0.385584881
平原,3101,0.31712108
平原,3111,0.379877968
平原,3121,0.367881312
平原,3131,0.375137989
平原,3141,0.405434824
平原,3151,0.366366995
平原,3161,0.386226761
平原,3171,0.406920606
平原,3181,0.396361291
平原,3191,0.308782293
平原,3201,0.294706731
平原,3211,0.34769496
平原,3221,0.463183297
平原,3231,0.397013332
平原,3241,0.412966563
平原,3251,0.365499501
平原,3261,0.380279588
平原,3271,0.344171307
平原,3281,0.322483104
平原,3291,0.316570275
平原,3301,0.358367471
平原,3311,0.37028821
平原,3321,0.323542648
平原,3331,0.390729559
平原,3341,0.4573514
平原,3351,0.37243711
平原,3361,0.356279205
平原,3371,0.30493631
平原,3381,0.314852936
平原,3391,0.382304164
平原,3401,0.359644128
平原,3411,0.417716132
平原,3421,0.353877024
平原,3431,0.333899046
平原,3441,0.31878108
平原,3451,0.381401364
平原,3461,0.375002892
平原,3471,0.396711793
平原,3481,0.413132052
平原,3491,0.367155789
平原,3501,0.348029568
平原,3511,0.408279488
平原,3521,0.396548156
平原,3531,0.447499187
平原,3541,0.352440224
平原,3551,0.403229977
平原,3561,0.389356815
平原,3571,0.369383931
平原,3581,0.436518075
平原,3591,0.395793154
平原,3601,0.403882403
平原,3611,0.345895269
平原,3621,0.440685484
平原,3631,0.366000763
平原,3641,0.349310371
平原,3651,0.35212437
平原,3661,0.407817711
平原,3671,0.372144742
平原,3681,0.403581601
平原,3691,0.348398195
平原,3701,0.382856649
平原,3711,0.399615765
平原,3721,0.382690003
平原,3731,0.412022013
平原,3741,0.367412278
平原,3751,0.355839335
平原,3761,0.433237672
平原,3771,0.342633352
平原,3781,0.366713173
平原,3791,0.322932279
平原,3801,0.409929353
平原,3811,0.3734808
平原,3821,0.353917401
平原,3831,0.35086017
平原,3841,0.387221858
平原,3851,0.35622251
平原,3861,0.330872955
平原,3871,0.346814692
平原,3881,0.349647996
平原,3891,0.37130357
平原,3901,0.429619147
平原,3911,0.368380687
平原,3921,0.369938443
平原,3931,0.429759249
平原,3941,0.369081523
平原,3951,0.405794821
平原,3961,0.336820541
平原,3971,0.394519058
平原,3981,0.378562408
平原,3991,0.405688423
平原,4001,0.379003854
平原,4011,0.408725323
平原,4021,0.339708506
平原,4031,0.369683012
平原,4041,0.333373642
平原,4051,0.376710041
平原,4061,0.397080715
平原,4071,0.40931089
平原,4081,0.388027482
平原,4091,0.349660187
平原,4101,0.315023325
平原,4111,0.390478186
平原,4121,0.407076077
平原,4131,0.354618851
平原,4141,0.416967956
平原,4151,0.4055917
平原,4161,0.439074986
平原,4171,0.442006517
平原,4181,0.42690241
平原,4191,0.396516568
平原,4201,0.348634365
平原,4211,0.404374854
平原,4221,0.377614726
平原,4231,0.36633966
平原,4241,0.392413912
平原,4251,0.407365877
平原,4261,0.344613513
平原,4271,0.372445338
平原,4281,0.391644222
平原,4291,0.403754827
平原,4301,0.39799274
平原,4311,0.388349379
平原,4321,0.373779571
平原,4331,0.368747694
平原,4341,0.387487673
平原,4351,0.337962064
平原,4361,0.402422098
平原,4371,0.35719883
平原,4381,0.414815949
平原,4391,0.351900306
平原,4401,0.371432228
平原,4411,0.387041992
平原,4421,0.421690804
平原,4431,0.349444463
平原,4441,0.383853965
平原,4451,0.383305561
平原,4461,0.346456106
平原,4471,0.410567646
平原,4481,0.397558183
平原,4491,0.314294767
平原,4501,0.438835947
平原,4511,0.344007291
平原,4521,0.418936166
平原,4531,0.328455886
平原,4541,0.404483746
平原,4551,0.401098971
平原,4561,0.329374449
平原,4571,0.320941989
平原,4581,0.371188972
平原,4591,0.39990011
平原,4601,0.385872896
平原,4611,0.39762103
平原,4621,0.333979601
平原,4631,0.391611001
平原,4641,0.371705302
平原,4651,0.343269034
平原,4661,0.392244552
平原,4671,0.390546259
平原,4681,0.392350161
平原,4691,0.372667572
平原,4701,0.383102496
平原,4711,0.412332119
平原,4721,0.399459046
平原,4731,0.394856999
平原,4741,0.343989319
平原,4751,0.359915056
平原,4761,0.308503486
平原,4771,0.335992006
平原,4781,0.396613538
平原,4791,0.323699766
平原,4801,0.416237541
平原,4811,0.354730369
平原,4821,0.340770592
平原,4831,0.383662536
平原,4841,0.406384462
平原,4851,0.31870566
平原,4861,0.43919529
平原,4871,0.462887458
平原,4881,0.397174012
平原,4891,0.377505614
平原,4901,0.34369565
平原,4911,0.365971098
平原,4921,0.388636844
平原,4931,0.321645575
平原,4941,0.377100887
平原,4951,0.429160144
平原,4961,0.445887699
平原,4971,0.336495742
平原,4981,0.432079685
平原,4991,0.437602934
丘陵,1,0.146225193
丘陵,11,0.209854002
丘陵,21,0.189556983
丘陵,31,0.213607624
丘陵,41,0.258481073
丘陵,51,0.252885813
丘陵,61,0.245226796
丘陵,71,0.229013025
丘陵,81,0.240656297
丘陵,91,0.225473708
丘陵,101,0.23096502
丘陵,111,0.208297838
丘陵,121,0.269695219
丘陵,131,0.239856217
丘陵,141,0.265624766
丘陵,151,0.293935846
丘陵,161,0.242143095
丘陵,171,0.283514405
丘陵,181,0.314673383
丘陵,191,0.290200737
丘陵,201,0.305560506
丘陵,211,0.273964223
丘陵,221,0.302237684
丘陵,231,0.317583011
丘陵,241,0.256028329
丘陵,251,0.317840866
丘陵,261,0.264900641
丘陵,271,0.286259581
丘陵,281,0.307311537
丘陵,291,0.313459747
丘陵,301,0.310474199
丘陵,311,0.297475027
丘陵,321,0.283878003
丘陵,331,0.313625699
丘陵,341,0.318903696
丘陵,351,0.329182562
丘陵,361,0.293701074
丘陵,371,0.303626978
丘陵,381,0.325445759
丘陵,391,0.381100276
丘陵,401,0.243131365
丘陵,411,0.307227509
丘陵,421,0.331636386
丘陵,431,0.375964824
丘陵,441,0.315293409
丘陵,451,0.317946117
丘陵,461,0.262683688
丘陵,471,0.303814253
丘陵,481,0.338731938
丘陵,491,0.2902296
丘陵,501,0.30561555
丘陵,511,0.31194806
丘陵,521,0.372114081
丘陵,531,0.356820552
丘陵,541,0.382154675
丘陵,551,0.381858206
丘陵,561,0.300160549
丘陵,571,0.373395764
丘陵,581,0.370173264
丘陵,591,0.292248416
丘陵,601,0.375984147
丘陵,611,0.357059785
丘陵,621,0.342569404
丘陵,631,0.369971893
丘陵,641,0.383680534
丘陵,651,0.329768587
丘陵,661,0.38211416
丘陵,671,0.3155827
丘陵,681,0.293012076
丘陵,691,0.394368285
丘陵,701,0.340665615
丘陵,711,0.292040161
丘陵,721,0.334115348
丘陵,731,0.320814734
丘陵,741,0.356919112
丘陵,751,0.366826225
丘陵,761,0.355486959
丘陵,771,0.340825358
丘陵,781,0.347343862
丘陵,791,0.400110256
丘陵,801,0.34144574
丘陵,811,0.368688681
丘陵,821,0.27848125
丘陵,831,0.29905769
丘陵,841,0.323530788
丘陵,851,0.394903523
丘陵,861,0.320929213
丘陵,871,0.373973091
丘陵,881,0.332656087
丘陵,891,0.344130129
丘陵,901,0.38171728
丘陵,911,0.324540921
丘陵,921,0.371736959
丘陵,931,0.362473918
丘陵,941,0.336538467
丘陵,951,0.390172208
丘陵,961,0.316334441
丘陵,971,0.321483843
丘陵,981,0.338197102
丘陵,991,0.347818036
丘陵,1001,0.346341149
丘陵,1011,0.307043786
丘陵,1021,0.405212023
丘陵,1031,0.399153045
丘陵,1041,0.331259649
丘陵,1051,0.362559877
丘陵,1061,0.338194516
丘陵,1071,0.275675729
丘陵,1081,0.383151794
丘陵,1091,0.328045895
丘陵,1101,0.387225983
丘陵,1111,0.332516633
丘陵,1121,0.375122842
丘陵,1131,0.359382575
丘陵,1141,0.3409961
丘陵,1151,0.375952363
丘陵,1161,0.333830899
丘陵,1171,0.363574949
丘陵,1181,0.348937311
丘陵,1191,0.342181842
丘陵,1201,0.370988277
丘陵,1211,0.352606063
丘陵,1221,0.332573042
丘陵,1231,0.357722353
丘陵,1241,0.31432834
丘陵,1251,0.391592616
丘陵,1261,0.332704773
丘陵,1271,0.359989364
丘陵,1281,0.336038006
丘陵,1291,0.349920933
丘陵,1301,0.391265506
丘陵,1311,0.308601695
丘陵,1321,0.412775445
丘陵,1331,0.398069823
丘陵,1341,0.348454538
丘陵,1351,0.338689763
丘陵,1361,0.387796338
丘陵,1371,0.380022073
丘陵,1381,0.35080179
丘陵,1391,0.36942334
丘陵,1401,0.336788434
丘陵,1411,0.357238996
丘陵,1421,0.369384194
丘陵,1431,0.422532679
丘陵,1441,0.326951099
丘陵,1451,0.353475267
丘陵,1461,0.385771789
丘陵,1471,0.351864959
丘陵,1481,0.339441524
丘陵,1491,0.298432724
丘陵,1501,0.425040857
丘陵,1511,0.35046364
丘陵,1521,0.315215684
丘陵,1531,0.361483043
丘陵,1541,0.370084002
丘陵,1551,0.394941862
丘陵,1561,0.349261185
丘陵,1571,0.362520356
丘陵,1581,0.392347123
丘陵,1591,0.444044725
丘陵,1601,0.364390391
丘陵,1611,0.387268976
丘陵,1621,0.341380172
丘陵,1631,0.392632112
丘陵,1641,0.340941411
丘陵,1651,0.327452508
丘陵,1661,0.400671414
丘陵,1671,0.405286454
丘陵,1681,0.34368005
丘陵,1691,0.416982165
丘陵,1701,0.384618295
丘陵,1711,0.405023743
丘陵,1721,0.407283383
丘陵,1731,0.390654434
丘陵,1741,0.397244696
丘陵,1751,0.394609293
丘陵,1761,0.36727273
丘陵,1771,0.352789083
丘陵,1781,0.363317146
丘陵,1791,0.392799588
丘陵,1801,0.345756771
丘陵,1811,0.2952041
丘陵,1821,0.337778788
丘陵,1831,0.386441656
丘陵,1841,0.32566587
丘陵,1851,0.381947144
丘陵,1861,0.386728717
丘陵,1871,0.415273581
丘陵,1881,0.340029418
丘陵,1891,0.395465803
丘陵,1901,0.346245241
丘陵,1911,0.353534887
丘陵,1921,0.370260592
丘陵,1931,0.29215008
丘陵,1941,0.375743312
丘陵,1951,0.386891164
丘陵,1961,0.450984837
丘陵,1971,0.342177167
丘陵,1981,0.403135699
丘陵,1991,0.419699313
丘陵,2001,0.391043365
丘陵,2011,0.360295215
丘陵,2021,0.341465802
丘陵,2031,0.300580975
丘陵,2041,0.293483699
丘陵,2051,0.359515989
丘陵,2061,0.35927741
丘陵,2071,0.387974124
丘陵,2081,0.414858432
丘陵,2091,0.415789713
丘陵,2101,0.313771828
丘陵,2111,0.36707492
丘陵,2121,0.404042307
丘陵,2131,0.390797425
丘陵,2141,0.344490646
丘陵,2151,0.402753009
丘陵,2161,0.314841637
丘陵,2171,0.369227055
丘陵,2181,0.402950139
丘陵,2191,0.423217482
丘陵,2201,0.416738519
丘陵,2211,0.376133954
丘陵,2221,0.368745413
丘陵,2231,0.375953551
丘陵,2241,0.385866634
丘陵,2251,0.340217898
丘陵,2261,0.314116231
丘陵,2271,0.338986261
丘陵,2281,0.419334617
丘陵,2291,0.376666837
丘陵,2301,0.364138773
丘陵,2311,0.45327477
丘陵,2321,0.355689566
丘陵,2331,0.405570001
丘陵,2341,0.389376361
丘陵,2351,0.346341353
丘陵,2361,0.371778918
丘陵,2371,0.383801802
丘陵,2381,0.432942624
丘陵,2391,0.353522013
丘陵,2401,0.348002144
丘陵,2411,0.407428382
丘陵,2421,0.327118408
丘陵,2431,0.409079792
丘陵,2441,0.390085333
丘陵,2451,0.308872991
丘陵,2461,0.441391374
丘陵,2471,0.349030197
丘陵,2481,0.428814513
丘陵,2491,0.401535683
丘陵,2501,0.344069484
丘陵,2511,0.359833152
丘陵,2521,0.329903768
丘陵,2531,0.368227285
丘陵,2541,0.358976905
丘陵,2551,0.332875242
丘陵,2561,0.385346112
丘陵,2571,0.330614495
丘陵,2581,0.394569382
丘陵,2591,0.409679331
丘陵,2601,0.361719796
丘陵,2611,0.37321371
丘陵,2621,0.364198309
丘陵,2631,0.394229451
丘陵,2641,0.388428798
丘陵,2651,0.390227847
丘陵,2661,0.437486566
丘陵,2671,0.420144961
丘陵,2681,0.391914304
丘陵,2691,0.420075869
丘陵,2701,0.429662828
丘陵,2711,0.341499921
丘陵,2721,0.429134833
丘陵,2731,0.37629301
丘陵,2741,0.405192572
丘陵,2751,0.39934629
丘陵,2761,0.430275566
丘陵,2771,0.386413525
丘陵,2781,0.425241232
丘陵,2791,0.31726055
丘陵,2801,0.361188882
丘陵,2811,0.368517501
丘陵,2821,0.425375222
丘陵,2831,0.332175461
丘陵,2841,0.351883241
丘陵,2851,0.378289958
丘陵,2861,0.39063973
丘陵,2871,0.355268461
丘陵,2881,0.444882466
丘陵,2891,0.451323137
丘陵,2901,0.398555338
丘陵,2911,0.32210096
丘陵,2921,0.396840513
丘陵,2931,0.342811949
丘陵,2941,0.400665523
丘陵,2951,0.421581472
丘陵,2961,0.41182196
丘陵,2971,0.354432788
丘陵,2981,0.373223659
丘陵,2991,0.409968995
丘陵,3001,0.414012611
丘陵,3011,0.424594612
丘陵,3021,0.349987947
丘陵,3031,0.313112415
丘陵,3041,0.427422755
丘陵,3051,0.366107512
丘陵,3061,0.380112879
丘陵,3071,0.347040628
丘陵,3081,0.397214899
丘陵,3091,0.362594476
丘陵,3101,0.390001195
丘陵,3111,0.363153459
丘陵,3121,0.392128605
丘陵,3131,0.398810558
丘陵,3141,0.462448904
丘陵,3151,0.361503098
丘陵,3161,0.331680122
丘陵,3171,0.391825928
丘陵,3181,0.342647413
丘陵,3191,0.411438795
丘陵,3201,0.330067111
丘陵,3211,0.431194482
丘陵,3221,0.358309555
丘陵,3231,0.380121115
丘陵,3241,0.323063361
丘陵,3251,0.398090573
丘陵,3261,0.360008546
丘陵,3271,0.372857573
丘陵,3281,0.327991996
丘陵,3291,0.370018102
丘陵,3301,0.348898372
丘陵,3311,0.51131385
丘陵,3321,0.365189586
丘陵,3331,0.471787866
丘陵,3341,0.352091377
丘陵,3351,0.335769169
丘陵,3361,0.355402283
丘陵,3371,0.359927748
丘陵,3381,0.343299216
丘陵,3391,0.435402405
丘陵,3401,0.375534103
丘陵,3411,0.376600179
丘陵,3421,0.417880206
丘陵,3431,0.407490329
丘陵,3441,0.396146278
丘陵,3451,0.358608871
丘陵,3461,0.415351807
丘陵,3471,0.390455926
丘陵,3481,0.44384065
丘陵,3491,0.354767873
丘陵,3501,0.40052405
丘陵,3511,0.339193785
丘陵,3521,0.350276253
丘陵,3531,0.422879035
丘陵,3541,0.400624965
丘陵,3551,0.370802661
丘陵,3561,0.398654244
丘陵,3571,0.394239809
丘陵,3581,0.434339139
丘陵,3591,0.441236371
丘陵,3601,0.395424966
丘陵,3611,0.456315656
丘陵,3621,0.348732508
丘陵,3631,0.336597976
丘陵,3641,0.392778865
丘陵,3651,0.421909753
丘陵,3661,0.37431136
丘陵,3671,0.388435636
丘陵,3681,0.435180512
丘陵,3691,0.317051426
丘陵,3701,0.34014494
丘陵,3711,0.427339357
丘陵,3721,0.382694619
丘陵,3731,0.373574223
丘陵,3741,0.366111713
丘陵,3751,0.459939513
丘陵,3761,0.360506066
丘陵,3771,0.353724286
丘陵,3781,0.456043669
丘陵,3791,0.401551964
丘陵,3801,0.396945874
丘陵,3811,0.375961568
丘陵,3821,0.382930604
丘陵,3831,0.368573044
丘陵,3841,0.359121025
丘陵,3851,0.42615805
丘陵,3861,0.393622419
丘陵,3871,0.344246212
丘陵,3881,0.390620004
丘陵,3891,0.320859757
丘陵,3901,0.394361421
丘陵,3911,0.412829185
丘陵,3921,0.321039475
丘陵,3931,0.424341399
丘陵,3941,0.378889052
丘陵,3951,0.357467921
丘陵,3961,0.342298394
丘陵,3971,0.430327314
丘陵,3981,0.384011778
丘陵,3991,0.38178601
丘陵,4001,0.36180659
丘陵,4011,0.355323661
丘陵,4021,0.403547812
丘陵,4031,0.355638103
丘陵,4041,0.327106277
丘陵,4051,0.37159517
丘陵,4061,0.383886797
丘陵,4071,0.419115448
丘陵,4081,0.416948037
丘陵,4091,0.430387453
丘陵,4101,0.402449247
丘陵,4111,0.378167483
丘陵,4121,0.398913712
丘陵,4131,0.342801499
丘陵,4141,0.395435978
丘陵,4151,0.357368426
丘陵,4161,0.41097595
丘陵,4171,0.318493616
丘陵,4181,0.33071551
丘陵,4191,0.366853823
丘陵,4201,0.40885582
丘陵,4211,0.363788939
丘陵,4221,0.392988056
丘陵,4231,0.395594662
丘陵,4241,0.431647268
丘陵,4251,0.463452442
丘陵,4261,0.40029854
丘陵,4271,0.376860452
丘陵,4281,0.428040912
丘陵,4291,0.346400765
丘陵,4301,0.313919507
丘陵,4311,0.37512712
丘陵,4321,0.445658627
丘陵,4331,0.371174036
丘陵,4341,0.341803629
丘陵,4351,0.385546725
丘陵,4361,0.342794572
丘陵,4371,0.444189052
丘陵,4381,0.338175386
丘陵,4391,0.313766709
丘陵,4401,0.382872925
丘陵,4411,0.37951747
丘陵,4421,0.378055071
丘陵,4431,0.427992834
丘陵,4441,0.401194302
丘陵,4451,0.357681486
丘陵,4461,0.371285249
丘陵,4471,0.36769563
丘陵,4481,0.389919379
丘陵,4491,0.382658833
丘陵,4501,0.359259382
丘陵,4511,0.410193886
丘陵,4521,0.312487974
丘陵,4531,0.363766944
丘陵,4541,0.437062405
丘陵,4551,0.35192991
丘陵,4561,0.40939392
丘陵,4571,0.407790346
丘陵,4581,0.373827376
丘陵,4591,0.318339529
丘陵,4601,0.405653804
丘陵,4611,0.351772475
丘陵,4621,0.397226988
丘陵,4631,0.396618301
丘陵,4641,0.395205194
丘陵,4651,0.386397942
丘陵,4661,0.377250358
丘陵,4671,0.383617781
丘陵,4681,0.354454166
丘陵,4691,0.409998277
丘陵,4701,0.367706789
丘陵,4711,0.381312848
丘陵,4721,0.387680028
丘陵,4731,0.41462733
丘陵,4741,0.427136424
丘陵,4751,0.361824664
丘陵,4761,0.417521498
丘陵,4771,0.372800417
丘陵,4781,0.389616718
丘陵,4791,0.354641499
丘陵,4801,0.369391605
丘陵,4811,0.383079208
丘陵,4821,0.355938245
丘陵,4831,0.401438697
丘陵,4841,0.359060682
丘陵,4851,0.362657142
丘陵,4861,0.38430056
丘陵,4871,0.354311045
丘陵,4881,0.438641137
丘陵,4891,0.368635361
丘陵,4901,0.388975638
丘陵,4911,0.362737132
丘陵,4921,0.384521566
丘陵,4931,0.38765802
丘陵,4941,0.340564218
丘陵,4951,0.396991224
丘陵,4961,0.399274095
丘陵,4971,0.35256112
丘陵,4981,0.364052743
丘陵,4991,0.426661639
